<?xml version="1.0" encoding="UTF-8" standalone="no"?>
<javadoc>
<meta>
<date-generated>Sat Aug 17 14:14:45 CST 2013</date-generated>
</meta>
<comment>
<key><![CDATA[us.codecraft.webmagic.downloader.Downloader]]></key>
<data><![CDATA[ Downloader是webmagic下载页面的接口。webmagic默认使用了HttpComponent作为下载器，一般情况，你无需自己实现这个接口。<br>

 @author code4crafter@gmail.com <br>
         Date: 13-4-21
         Time: 下午12:14
]]></data>
</comment>
<comment>
<key><![CDATA[us.codecraft.webmagic.downloader.Downloader.download(us.codecraft.webmagic.Request, us.codecraft.webmagic.Task)]]></key>
<data><![CDATA[ 下载页面，并保存信息到Page对象中。

 @param request
 @param task
 @return page
]]></data>
</comment>
<comment>
<key><![CDATA[us.codecraft.webmagic.downloader.Downloader.setThread(int)]]></key>
<data><![CDATA[ 设置线程数，多线程程序一般需要Downloader支持<br>
 如果不考虑多线程的可以不实现这个方法<br>

 @param thread 线程数量
]]></data>
</comment>
</javadoc>
